{
    "map_path": "/home/henry/arena_ws/src/arena-rosnav/simulator_setup/maps/scenario1/map.yaml",
    "num_images": 20,
    "robot_paths": [
        {
            "initial_pos": [
                20.158755274261605,
                7.94831223628692
            ],
            "subgoals": [
                [
                    20.158755274261605,
                    7.94831223628692
                ],
                [
                    18.585759493670884,
                    -1.2457805907172987
                ]
            ]
        },
        {
            "initial_pos": [
                22.658227848101266,
                11.89873417721519
            ],
            "subgoals": [
                [
                    20.158755274261605,
                    7.94831223628692
                ],
                [
                    17.200949367088604,
                    14.100210970464135
                ],
                [
                    22.93934599156118,
                    14.015822784810126
                ],
                [
                    22.85495780590717,
                    11.86392405063291
                ]
            ]
        },
        {
            "initial_pos": [
                12.405063291139244,
                12.10970464135021
            ],
            "subgoals": [
                [
                    11.04061181434599,
                    10.809071729957806
                ],
                [
                    9.985759493670884,
                    11.020042194092825
                ],
                [
                    9.268459915611812,
                    10.598101265822784
                ],
                [
                    7.749472573839661,
                    11.948312236286919
                ],
                [
                    8.087025316455694,
                    12.876582278481012
                ],
                [
                    7.622890295358648,
                    13.847046413502108
                ],
                [
                    8.888713080168774,
                    15.239451476793247
                ],
                [
                    10.070147679324892,
                    14.901898734177214
                ],
                [
                    11.25158227848101,
                    15.323839662447256
                ],
                [
                    12.34862869198312,
                    14.184599156118143
                ],
                [
                    11.884493670886075,
                    13.003164556962025
                ],
                [
                    12.390822784810124,
                    12.243670886075948
                ]
            ]
        }
    ]
}